[
{
  "model": "polls.question",
  "pk": 1,
  "fields": {
    "question_text": "What is the most powerful algorithm?",
    "pub_date": "2023-09-01T10:06:00Z",
    "end_date": "2023-09-18T22:54:00Z"
  }
},
{
  "model": "polls.question",
  "pk": 2,
  "fields": {
    "question_text": "Which is your most interesting country for the programming job?",
    "pub_date": "2023-09-01T15:32:11Z",
    "end_date": null
  }
},
{
  "model": "polls.question",
  "pk": 3,
  "fields": {
    "question_text": "What is your best way to study programming language?",
    "pub_date": "2023-09-02T03:05:30Z",
    "end_date": null
  }
},
{
  "model": "polls.question",
  "pk": 4,
  "fields": {
    "question_text": "What is the most important git command for your coding?",
    "pub_date": "2023-09-06T16:27:46Z",
    "end_date": "2023-09-28T16:29:00Z"
  }
},
{
  "model": "polls.question",
  "pk": 5,
  "fields": {
    "question_text": "What is your favorite Software Process?",
    "pub_date": "2023-09-07T16:34:19Z",
    "end_date": null
  }
},
{
  "model": "polls.choice",
  "pk": 1,
  "fields": {
    "question": 1,
    "choice_text": "Divide and Conquer"
  }
},
{
  "model": "polls.choice",
  "pk": 2,
  "fields": {
    "question": 1,
    "choice_text": "Recursive"
  }
},
{
  "model": "polls.choice",
  "pk": 3,
  "fields": {
    "question": 1,
    "choice_text": "Brute Force"
  }
},
{
  "model": "polls.choice",
  "pk": 4,
  "fields": {
    "question": 1,
    "choice_text": "Greedy"
  }
},
{
  "model": "polls.choice",
  "pk": 5,
  "fields": {
    "question": 1,
    "choice_text": "Dynamic Programming"
  }
},
{
  "model": "polls.choice",
  "pk": 6,
  "fields": {
    "question": 1,
    "choice_text": "Randomized"
  }
},
{
  "model": "polls.choice",
  "pk": 7,
  "fields": {
    "question": 1,
    "choice_text": "Backtracking"
  }
},
{
  "model": "polls.choice",
  "pk": 8,
  "fields": {
    "question": 2,
    "choice_text": "China"
  }
},
{
  "model": "polls.choice",
  "pk": 9,
  "fields": {
    "question": 2,
    "choice_text": "United States"
  }
},
{
  "model": "polls.choice",
  "pk": 10,
  "fields": {
    "question": 2,
    "choice_text": "Netherlands"
  }
},
{
  "model": "polls.choice",
  "pk": 11,
  "fields": {
    "question": 2,
    "choice_text": "Australia"
  }
},
{
  "model": "polls.choice",
  "pk": 12,
  "fields": {
    "question": 2,
    "choice_text": "England"
  }
},
{
  "model": "polls.choice",
  "pk": 13,
  "fields": {
    "question": 2,
    "choice_text": "Canada"
  }
},
{
  "model": "polls.choice",
  "pk": 14,
  "fields": {
    "question": 2,
    "choice_text": "New Zealand"
  }
},
{
  "model": "polls.choice",
  "pk": 15,
  "fields": {
    "question": 2,
    "choice_text": "Sweden"
  }
},
{
  "model": "polls.choice",
  "pk": 16,
  "fields": {
    "question": 2,
    "choice_text": "India"
  }
},
{
  "model": "polls.choice",
  "pk": 17,
  "fields": {
    "question": 2,
    "choice_text": "Germany"
  }
},
{
  "model": "polls.choice",
  "pk": 18,
  "fields": {
    "question": 2,
    "choice_text": "Switzerland"
  }
},
{
  "model": "polls.choice",
  "pk": 19,
  "fields": {
    "question": 3,
    "choice_text": "Learn with Chatbot"
  }
},
{
  "model": "polls.choice",
  "pk": 20,
  "fields": {
    "question": 3,
    "choice_text": "Learn with teacher face to face or in online meeting"
  }
},
{
  "model": "polls.choice",
  "pk": 21,
  "fields": {
    "question": 3,
    "choice_text": "Learn from video such as Youtube"
  }
},
{
  "model": "polls.choice",
  "pk": 22,
  "fields": {
    "question": 5,
    "choice_text": "Scrum"
  }
},
{
  "model": "polls.choice",
  "pk": 23,
  "fields": {
    "question": 5,
    "choice_text": "Waterfall"
  }
},
{
  "model": "polls.choice",
  "pk": 24,
  "fields": {
    "question": 5,
    "choice_text": "Kanban"
  }
},
{
  "model": "polls.choice",
  "pk": 25,
  "fields": {
    "question": 5,
    "choice_text": "Spiral"
  }
},
{
  "model": "polls.choice",
  "pk": 26,
  "fields": {
    "question": 4,
    "choice_text": "git log"
  }
},
{
  "model": "polls.choice",
  "pk": 27,
  "fields": {
    "question": 4,
    "choice_text": "git diff"
  }
},
{
  "model": "polls.choice",
  "pk": 28,
  "fields": {
    "question": 4,
    "choice_text": "git rebase"
  }
},
{
  "model": "polls.choice",
  "pk": 29,
  "fields": {
    "question": 3,
    "choice_text": "Learn with online course"
  }
},
{
  "model": "polls.choice",
  "pk": 30,
  "fields": {
    "question": 4,
    "choice_text": "git remote"
  }
},
{
  "model": "polls.vote",
  "pk": 1,
  "fields": {
    "choice": 22,
    "user": 2
  }
},
{
  "model": "polls.vote",
  "pk": 2,
  "fields": {
    "choice": 13,
    "user": 2
  }
},
{
  "model": "polls.vote",
  "pk": 3,
  "fields": {
    "choice": 6,
    "user": 2
  }
},
{
  "model": "polls.vote",
  "pk": 4,
  "fields": {
    "choice": 21,
    "user": 2
  }
},
{
  "model": "polls.vote",
  "pk": 5,
  "fields": {
    "choice": 28,
    "user": 2
  }
},
{
  "model": "polls.vote",
  "pk": 6,
  "fields": {
    "choice": 22,
    "user": 3
  }
},
{
  "model": "polls.vote",
  "pk": 7,
  "fields": {
    "choice": 21,
    "user": 3
  }
}
]
